,chain,addr,protocol_name,addrChecksum,type
0,eth,0x32296969ef14eb0c6d29669c550d4a0449130230,Balancer,0x32296969Ef14EB0c6d29669C550D4a0449130230,Curve_V1_Stable_Math
1,eth,0x32296969ef14eb0c6d29669c550d4a0449130230,Balancer,0x32296969Ef14EB0c6d29669C550D4a0449130230,Curve_V1_Stable_Math
2,eth,0x5c6ee304399dbdb9c8ef030ab642b10820db8f56,Balancer,0x5c6Ee304399DBdB9C8Ef030aB642B10820DB8F56,Balancer_Weighted_Math
3,eth,0x1e19cf2d73a72ef1332c882f20534b6519be0276,Balancer,0x1E19CF2D73a72Ef1332C882F20534B6519Be0276,Curve_V1_Stable_Math
4,eth,0xd1ec5e215e8148d76f4460e4097fd3d5ae0a3558,Balancer,0xD1eC5e215E8148D76F4460e4097FD3d5ae0A3558,Balancer_Weighted_Math
5,eth,0x4ce0bd7debf13434d3ae127430e9bd4291bfb61f,Balancer,0x4ce0BD7deBf13434d3ae127430e9BD4291bfB61f,Balancer_Weighted_Math
6,eth,0x76fcf0e8c7ff37a47a799fa2cd4c13cde0d981c9,Balancer,0x76FCf0e8C7Ff37A47a799FA2cd4c13cDe0D981C9,Balancer_Weighted_Math
7,eth,0xf4c0dd9b82da36c07605df83c8a416f11724d88b,Balancer,0xF4C0DD9B82DA36C07605df83c8a416F11724d88b,Balancer_Weighted_Math
8,eth,0xc29562b045d80fd77c69bec09541f5c16fe20d9d,Balancer,0xc29562b045D80fD77c69Bec09541F5c16fe20d9d,Balancer_Weighted_Math
9,eth,0x9c6d47ff73e0f5e51be5fd53236e3f595c5793f2,Balancer,0x9c6d47Ff73e0F5E51BE5FD53236e3F595C5793F2,Curve_V1_Stable_Math
10,eth,0xb460daa847c45f1c4a41cb05bfb3b51c92e41b36,Balancer,0xb460DAa847c45f1C4a41cb05BFB3b51c92e41B36,Balancer_Weighted_Math
11,eth,0xcb0e14e96f2cefa8550ad8e4aea344f211e5061d,Balancer,0xCB0e14e96f2cEFA8550ad8e4aeA344F211E5061d,Balancer_Weighted_Math
12,eth,0xb08885e6026bab4333a80024ec25a1a3e1ff2b8a,Balancer,0xB08885e6026bab4333A80024Ec25a1a3e1FF2b8A,Curve_V1_Stable_Math
13,eth,0x8a34b5ad76f528bfec06c80d85ef3b53da7fc300,Balancer,0x8A34b5ad76F528bfEc06c80D85EF3b53dA7FC300,Curve_V1_Stable_Math
14,eth,0x8eb6c82c3081bbbd45dcac5afa631aac53478b7c,Balancer,0x8eB6c82C3081bBBd45DcAC5afA631aaC53478b7C,Balancer_Weighted_Math
15,eth,0x072f14b85add63488ddad88f855fda4a99d6ac9b,Balancer,0x072f14B85ADd63488DDaD88f855Fda4A99d6aC9B,Balancer_Weighted_Math
16,eth,0x92762b42a06dcdddc5b7362cfb01e631c4d44b40,Balancer,0x92762B42A06dCDDDc5B7362Cfb01E631c4D44B40,Balancer_Weighted_Math
17,eth,0x5122e01d819e58bb2e22528c0d68d310f0aa6fd7,Balancer,0x5122E01D819E58BB2E22528c0D68D310f0AA6FD7,Balancer_Weighted_Math
18,eth,0x5122e01d819e58bb2e22528c0d68d310f0aa6fd7,Balancer,0x5122E01D819E58BB2E22528c0D68D310f0AA6FD7,Balancer_Weighted_Math
19,eth,0x350196326aeaa9b98f1903fb5e8fc2686f85318c,Balancer,0x350196326AEAA9b98f1903fb5e8fc2686f85318C,Balancer_Weighted_Math
20,eth,0x350196326aeaa9b98f1903fb5e8fc2686f85318c,Balancer,0x350196326AEAA9b98f1903fb5e8fc2686f85318C,Balancer_Weighted_Math
21,eth,0xd590931466cdd6d488a25da1e89dd0539723800c,Balancer,0xd590931466cdD6d488A25da1E89dD0539723800c,Balancer_Weighted_Math
22,eth,0xa6f548df93de924d73be7d25dc02554c6bd66db5,Balancer,0xA6F548DF93de924d73be7D25dC02554c6bD66dB5,Balancer_Weighted_Math
23,eth,0x96646936b91d6b9d7d0c47c496afbf3d6ec7b6f8,Balancer,0x96646936b91d6B9D7D0c47C496AfBF3D6ec7B6f8,Balancer_Weighted_Math
24,eth,0x06df3b2bbb68adc8b0e302443692037ed9f91b42,Balancer,0x06Df3b2bbB68adc8B0e302443692037ED9f91b42,Curve_V1_Stable_Math
25,eth,0x2de32a7c98c3ef6ec79e703500e8ca5b2ec819aa,Balancer,0x2dE32a7c98C3ef6ec79e703500e8CA5b2eC819aa,Balancer_Weighted_Math
26,eth,0xbc5f4f9332d8415aaf31180ab4661c9141cc84e4,Balancer,0xbc5F4f9332d8415AAf31180Ab4661c9141CC84E4,Balancer_Weighted_Math
27,eth,0xe8cc7e765647625b95f59c15848379d10b9ab4af,Balancer,0xe8cc7E765647625B95F59C15848379D10B9AB4af,Balancer_Weighted_Math
28,eth,0x831261f44931b7da8ba0dcc547223c60bb75b47f,Balancer,0x831261f44931B7dA8ba0DcC547223c60BB75B47F,Curve_V1_Stable_Math
29,eth,0x831261f44931b7da8ba0dcc547223c60bb75b47f,Balancer,0x831261f44931B7dA8ba0DcC547223c60BB75B47F,Curve_V1_Stable_Math
30,eth,0x514f35a92a13bc7093f299af5d8ebb1387e42d6b,Balancer,0x514f35a92A13bc7093f299AF5D8ebb1387E42D6B,Balancer_Weighted_Math
31,eth,0x441b8a1980f2f2e43a9397099d15cc2fe6d36250,Balancer,0x441b8a1980f2F2E43A9397099d15CC2Fe6D36250,Balancer_Weighted_Math
32,eth,0xfd1cf6fd41f229ca86ada0584c63c49c3d66bbc9,Balancer,0xFD1Cf6FD41F229Ca86ada0584c63C49C3d66BbC9,Balancer_Weighted_Math
33,eth,0x6df50e37a6aefb9024a7284ef1c9e1e8e7c4f7b8,Balancer,0x6dF50E37A6aEfB9024a7284EF1C9e1E8e7c4F7b8,Balancer_Weighted_Math
34,eth,0x344818b9b4cfec947fe8ccbea65b3605585c2c71,Balancer,0x344818B9b4cFec947FE8cCbEa65B3605585c2C71,Balancer_Weighted_Math
35,eth,0xefdc9246e0c4280fb1c138e1093a95ab88959cf8,Balancer,0xefDC9246E0c4280fb1c138e1093a95Ab88959CF8,Balancer_Weighted_Math
36,eth,0xfeadd389a5c427952d8fdb8057d6c8ba1156cc56,Balancer,0xFeadd389a5c427952D8fdb8057D6C8ba1156cC56,Curve_V1_Stable_Math
37,eth,0xfeadd389a5c427952d8fdb8057d6c8ba1156cc56,Balancer,0xFeadd389a5c427952D8fdb8057D6C8ba1156cC56,Curve_V1_Stable_Math
38,eth,0x48607651416a943bf5ac71c41be1420538e78f87,Balancer,0x48607651416A943bF5AC71C41BE1420538e78f87,Balancer_Weighted_Math
39,eth,0xf5f6fb82649df7991054ef796c39da81b93364df,Balancer,0xF5f6fb82649DF7991054Ef796C39da81B93364Df,Balancer_Weighted_Math
40,eth,0xb721a3b209f8b598b926826f69280bee7a6bb796,Balancer,0xB721a3B209F8b598b926826f69280bee7A6bb796,Balancer_Weighted_Math
41,eth,0x25accb7943fd73dda5e23ba6329085a3c24bfb6a,Balancer,0x25Accb7943Fd73Dda5E23bA6329085a3C24bfb6a,Balancer_Weighted_Math
42,eth,0xbf96189eee9357a95c7719f4f5047f76bde804e5,Balancer,0xBF96189Eee9357a95C7719f4F5047F76bdE804E5,Balancer_Weighted_Math
43,eth,0x3e09e828c716c5e2bc5034eed7d5ec8677ffba18,Balancer,0x3E09E828c716c5e2BC5034EeD7d5eC8677ffba18,Balancer_Weighted_Math
44,eth,0x0fd5663d4893ae0d579d580584806aadd2dd0b8b,Balancer,0x0fd5663D4893AE0D579D580584806AAdd2dD0B8b,Balancer_Weighted_Math
45,eth,0xc4451498f950b8b3abd9a815cf221a8e64791388,Balancer,0xc4451498F950b8B3AbD9a815cF221a8e64791388,Balancer_Weighted_Math
46,eth,0x6fc874b151a43d6a54fabfb6ff50f85fec4a5086,Balancer,0x6Fc874b151A43d6A54fABFB6FF50F85fEC4a5086,err_cannot_get_abi
47,eth,0x6fc874b151a43d6a54fabfb6ff50f85fec4a5086,Balancer,0x6Fc874b151A43d6A54fABFB6FF50F85fEC4a5086,err_cannot_get_abi
48,eth,0x6fc874b151a43d6a54fabfb6ff50f85fec4a5086,Balancer,0x6Fc874b151A43d6A54fABFB6FF50F85fEC4a5086,err_cannot_get_abi
49,eth,0x93ab2afded588a9e7f3ef569834b13685d612f96,Balancer,0x93ab2aFDED588A9e7F3Ef569834b13685D612f96,Balancer_Weighted_Math
50,eth,0x5512a4bbe7b3051f92324bacf25c02b9000c4a50,Balancer,0x5512A4bbe7B3051f92324bAcF25C02b9000c4a50,Balancer_Weighted_Math
51,eth,0x0bf37157d30dfe6f56757dcadff01aed83b08cd6,Balancer,0x0BF37157d30dFe6f56757DCadff01AEd83b08cD6,Balancer_Weighted_Math
52,eth,0x05449b87d9e6212b1b65d17619d884a914a84098,Balancer,0x05449B87d9e6212B1b65D17619d884a914A84098,err_cannot_get_abi
53,eth,0x05449b87d9e6212b1b65d17619d884a914a84098,Balancer,0x05449B87d9e6212B1b65D17619d884a914A84098,err_cannot_get_abi
54,eth,0x5db3d8a689631d17f22dbd9ab16c51f561d20ffb,Balancer,0x5DB3d8A689631d17F22DBd9AB16C51f561d20fFB,err_cannot_get_abi
55,eth,0x17ddd9646a69c9445cd8a9f921d4cd93bf50d108,Balancer,0x17dDd9646a69C9445CD8A9f921d4cD93BF50D108,err_cannot_get_abi
56,eth,0x17ddd9646a69c9445cd8a9f921d4cd93bf50d108,Balancer,0x17dDd9646a69C9445CD8A9f921d4cD93BF50D108,err_cannot_get_abi
57,eth,0x17ddd9646a69c9445cd8a9f921d4cd93bf50d108,Balancer,0x17dDd9646a69C9445CD8A9f921d4cD93BF50D108,err_cannot_get_abi
58,eth,0xf506984c16737b1a9577cadeda02a49fd612aff8,Balancer,0xF506984C16737B1A9577cadeDa02a49fD612Aff8,Balancer_Weighted_Math
59,eth,0xf506984c16737b1a9577cadeda02a49fd612aff8,Balancer,0xF506984C16737B1A9577cadeDa02a49fD612Aff8,Balancer_Weighted_Math
60,eth,0xf506984c16737b1a9577cadeda02a49fd612aff8,Balancer,0xF506984C16737B1A9577cadeDa02a49fD612Aff8,Balancer_Weighted_Math
61,eth,0xb704aa724e69601ffdc9b748137491bffa1b858d,Balancer,0xB704aA724E69601Ffdc9B748137491BFfa1B858D,Balancer_Weighted_Math
62,eth,0x3f7c10701b14197e2695dec6428a2ca4cf7fc3b8,Balancer,0x3F7C10701b14197E2695dEC6428a2Ca4Cf7FC3B8,Balancer_Weighted_Math
63,eth,0x54a1b55ce2aa5adb0c55de5a142e20fc4242411d,Balancer,0x54a1B55cE2Aa5AdB0C55dE5A142e20Fc4242411D,err_cannot_get_abi
64,eth,0x672f3dfc5c005f62a116e44f1bf4498be1068e1e,Balancer,0x672f3dfC5C005F62A116E44F1bf4498be1068E1e,err_cannot_get_abi
65,eth,0x04eeeca0d37a238b46ded385f04f956f6d9656a2,Balancer,0x04EEECa0d37a238B46DeD385F04F956F6D9656A2,err_cannot_get_abi
66,eth,0x402f60ccf1e53cad42ded9cf139941174f54e3b2,Balancer,0x402F60cCF1e53CaD42DEd9cf139941174f54E3B2,err_cannot_get_abi
67,eth,0xe99481dc77691d8e2456e5f3f61c1810adfc1503,Balancer,0xE99481DC77691d8E2456E5f3F61C1810adFC1503,Balancer_Weighted_Math
68,eth,0x186084ff790c65088ba694df11758fae4943ee9e,Balancer,0x186084fF790C65088BA694Df11758faE4943EE9E,Balancer_Weighted_Math
69,eth,0x0578292cb20a443ba1cde459c985ce14ca2bdee5,Balancer,0x0578292CB20a443bA1CdE459c985CE14Ca2bDEe5,Balancer_Weighted_Math
70,eth,0x9137f3a026fa419a7a9a0ba8df6601d4b0abfd26,Balancer,0x9137F3A026Fa419a7a9a0bA8DF6601D4B0aBfd26,Balancer_Weighted_Math
71,eth,0xb53f8f2907d8e5fed503f8ebce4433fb5c5beae2,Balancer,0xB53f8F2907d8E5fED503f8ebCe4433FB5c5BEae2,Balancer_Weighted_Math
72,eth,0xe340ebfcaa544da8bb1ee9005f1a346d50ec422e,Balancer,0xe340EBfcAA544da8bB1Ee9005F1a346D50Ec422e,Balancer_Weighted_Math
73,eth,0xe340ebfcaa544da8bb1ee9005f1a346d50ec422e,Balancer,0xe340EBfcAA544da8bB1Ee9005F1a346D50Ec422e,Balancer_Weighted_Math
74,eth,0xe340ebfcaa544da8bb1ee9005f1a346d50ec422e,Balancer,0xe340EBfcAA544da8bB1Ee9005F1a346D50Ec422e,Balancer_Weighted_Math
75,eth,0x496ff26b76b8d23bbc6cf1df1eee4a48795490f7,Balancer,0x496ff26B76b8d23bbc6cF1Df1eeE4a48795490F7,Balancer_Weighted_Math
76,eth,0x496ff26b76b8d23bbc6cf1df1eee4a48795490f7,Balancer,0x496ff26B76b8d23bbc6cF1Df1eeE4a48795490F7,Balancer_Weighted_Math
77,eth,0x69ea3f8f30f1196e3935ea769fa64a30e3597d44,Balancer,0x69EA3F8F30f1196E3935ea769Fa64a30E3597D44,err_cannot_get_abi
78,eth,0x69ea3f8f30f1196e3935ea769fa64a30e3597d44,Balancer,0x69EA3F8F30f1196E3935ea769Fa64a30E3597D44,err_cannot_get_abi
79,eth,0xccf5575570fac94cec733a58ff91bb3d073085c7,Balancer,0xcCF5575570faC94CEC733a58ff91bB3d073085c7,Balancer_Weighted_Math
80,eth,0xe2469f47ab58cf9cf59f9822e3c5de4950a41c49,Balancer,0xe2469f47aB58cf9CF59F9822e3C5De4950a41C49,Balancer_Weighted_Math
81,eth,0xe2469f47ab58cf9cf59f9822e3c5de4950a41c49,Balancer,0xe2469f47aB58cf9CF59F9822e3C5De4950a41C49,Balancer_Weighted_Math
82,eth,0x35ad347646a84139b6a102b48e6efcc7fc06a997,Balancer,0x35ad347646a84139b6A102B48e6eFCC7FC06a997,err_cannot_get_abi
83,eth,0x3ebf48cd7586d7a4521ce59e53d9a907ebf1480f,Balancer,0x3ebf48cd7586d7A4521cE59E53D9a907EBf1480F,Balancer_Weighted_Math
84,eth,0x929a9b6d40e4723f690db77a7ebb65d3254be1e0,Balancer,0x929a9b6d40e4723f690Db77A7EbB65D3254bE1E0,err_cannot_get_abi
85,eth,0x8237c802f100e474613519ca3c19ee8a24e32470,Balancer,0x8237c802f100E474613519Ca3c19EE8A24e32470,err_cannot_get_abi
86,eth,0xdbe827fb45a518571cf3688425101bc36e55d244,Balancer,0xdbE827FB45a518571CF3688425101BC36E55d244,err_cannot_get_abi
87,eth,0x445494f823f3483ee62d854ebc9f58d5b9972a25,Balancer,0x445494F823f3483ee62d854eBc9f58d5B9972A25,Balancer_Weighted_Math
88,eth,0x445494f823f3483ee62d854ebc9f58d5b9972a25,Balancer,0x445494F823f3483ee62d854eBc9f58d5B9972A25,Balancer_Weighted_Math
89,eth,0x5d6e3d7632d6719e04ca162be652164bec1eaa6b,Balancer,0x5d6e3d7632D6719e04cA162be652164Bec1EaA6b,Balancer_Weighted_Math
90,eth,0xddc7cc73d315d5c28df8ffe4f756b918fe46f5e5,Balancer,0xddC7cc73D315d5c28dF8ffE4f756B918fE46F5E5,err_cannot_get_abi
91,eth,0xddc7cc73d315d5c28df8ffe4f756b918fe46f5e5,Balancer,0xddC7cc73D315d5c28dF8ffE4f756B918fE46F5E5,err_cannot_get_abi
92,eth,0xa02e4b3d18d4e6b8d18ac421fbc3dfff8933c40a,Balancer,0xa02E4b3d18D4E6B8d18Ac421fBc3dfFF8933c40a,Balancer_Weighted_Math
93,eth,0x986be52138cd994233ae7fe115ee8eaeed0af516,Balancer,0x986bE52138cd994233Ae7FE115eE8eAeeD0af516,Balancer_Weighted_Math
94,eth,0x99a14324cfd525a34bbc93ac7e348929909d57fd,Balancer,0x99A14324Cfd525A34BBc93ac7e348929909D57fD,Balancer_Weighted_Math
95,eth,0x15c1cdacd3da1e1c1304200b1beb080d50bbbc0f,Balancer,0x15C1cDAcd3dA1E1C1304200b1bEb080D50BbBc0F,Balancer_Weighted_Math
96,eth,0xd54540285c92a602989f887523b6e75b0abbd451,Balancer,0xd54540285C92a602989F887523B6E75b0abbD451,err_cannot_get_abi
97,eth,0xd54540285c92a602989f887523b6e75b0abbd451,Balancer,0xd54540285C92a602989F887523B6E75b0abbD451,err_cannot_get_abi
98,eth,0xff083f57a556bfb3bbe46ea1b4fa154b2b1fbe88,Balancer,0xfF083f57A556bfB3BBe46Ea1B4Fa154b2b1FBe88,Balancer_Weighted_Math
99,eth,0xff083f57a556bfb3bbe46ea1b4fa154b2b1fbe88,Balancer,0xfF083f57A556bfB3BBe46Ea1B4Fa154b2b1FBe88,Balancer_Weighted_Math
100,eth,0x760afd4460089edbb77f71149f6fe1d7554c5450,Balancer,0x760AfD4460089EDbb77F71149f6Fe1d7554C5450,Balancer_Weighted_Math
101,eth,0x0a8156fdc4b488cb1bf1c44c7ee944088174fa30,Balancer,0x0A8156fdc4B488CB1Bf1c44c7eE944088174Fa30,Balancer_Weighted_Math
102,eth,0x358e056c50eea4ca707e891404e81d9b898d0b41,Balancer,0x358e056C50EeA4CA707E891404E81D9B898D0b41,err_cannot_get_abi
103,eth,0x719fa6da58398feea0b0c307cde0ab0c15a47da4,Balancer,0x719fA6Da58398fEeA0b0C307CdE0ab0C15a47Da4,err_cannot_get_abi
104,eth,0x719fa6da58398feea0b0c307cde0ab0c15a47da4,Balancer,0x719fA6Da58398fEeA0b0C307CdE0ab0C15a47Da4,err_cannot_get_abi
105,eth,0x4aa462d59361fc0115b3ab7e447627534a8642ae,Balancer,0x4aA462D59361fC0115B3aB7E447627534a8642ae,Balancer_Weighted_Math
106,eth,0xefaa1604e82e1b3af8430b90192c1b9e8197e377,Balancer,0xEFAa1604e82e1B3AF8430b90192c1B9e8197e377,Balancer_Weighted_Math
107,eth,0x51735bdfbfe3fc13dea8dc6502e2e95898942961,Balancer,0x51735bdFBFE3fC13dEa8DC6502E2E95898942961,Balancer_Weighted_Math
108,eth,0x51735bdfbfe3fc13dea8dc6502e2e95898942961,Balancer,0x51735bdFBFE3fC13dEa8DC6502E2E95898942961,Balancer_Weighted_Math
109,eth,0x8e9690e135005e415bd050b11768615de43fe5f8,Balancer,0x8e9690E135005E415BD050B11768615DE43fe5f8,Balancer_Weighted_Math
110,eth,0x8e9690e135005e415bd050b11768615de43fe5f8,Balancer,0x8e9690E135005E415BD050B11768615DE43fe5f8,Balancer_Weighted_Math
111,eth,0x084e8d63adfa12e5b31d80d914ba5c74c3c4092c,Balancer,0x084e8d63aDfa12E5b31D80d914BA5c74c3c4092C,err_cannot_get_abi
112,eth,0x084e8d63adfa12e5b31d80d914ba5c74c3c4092c,Balancer,0x084e8d63aDfa12E5b31D80d914BA5c74c3c4092C,err_cannot_get_abi
113,eth,0x60b4601cdddc4467f31b1f770cb93c51dc7dc728,Balancer,0x60B4601cDdDc4467f31b1F770cb93c51dC7dC728,Balancer_Weighted_Math
114,eth,0xe530e6c02ade4a6a1c43dbaa511d194d4c835468,Balancer,0xE530e6C02ade4A6a1C43DBaa511d194D4c835468,err_cannot_get_abi
115,eth,0x3ccf90a2309cf0fa1e9f1551f3af2227197b9afe,Balancer,0x3Ccf90a2309cF0FA1E9f1551F3AF2227197B9aFe,err_cannot_get_abi
116,eth,0x3ccf90a2309cf0fa1e9f1551f3af2227197b9afe,Balancer,0x3Ccf90a2309cF0FA1E9f1551F3AF2227197B9aFe,err_cannot_get_abi
117,eth,0x3d562b56de5e93ea86cfd521e786abd143435917,Balancer,0x3d562b56DE5E93ea86cFd521e786Abd143435917,err_cannot_get_abi
118,eth,0x78ba4fbd299a78049d9df86ddf591f415b5e6f30,Balancer,0x78bA4FBd299A78049D9DF86dDf591f415B5E6f30,err_cannot_get_abi
119,eth,0x78ba4fbd299a78049d9df86ddf591f415b5e6f30,Balancer,0x78bA4FBd299A78049D9DF86dDf591f415B5E6f30,err_cannot_get_abi
120,eth,0x3e5fa9518ea95c3e533eb377c001702a9aacaa32,Balancer,0x3e5FA9518eA95c3E533EB377C001702A9AaCAA32,Balancer_Weighted_Math
121,eth,0x61d5dc44849c9c87b0856a2a311536205c96c7fd,Balancer,0x61d5dc44849c9C87b0856a2a311536205C96c7FD,Balancer_Weighted_Math
122,eth,0x61d5dc44849c9c87b0856a2a311536205c96c7fd,Balancer,0x61d5dc44849c9C87b0856a2a311536205C96c7FD,Balancer_Weighted_Math
123,eth,0x20facecaa68e9b7c92d2d0ec9136d864df805233,Balancer,0x20FacEcaa68E9b7c92d2d0ec9136D864Df805233,Balancer_Weighted_Math
124,eth,0xeda373179f47e37bb3c9712b19d4b7493d106a9f,Balancer,0xEdA373179f47e37BB3C9712B19D4b7493D106A9F,err_cannot_get_abi
125,eth,0x29d7a7e0d781c957696697b94d4bc18c651e358e,Balancer,0x29d7a7E0d781C957696697B94D4Bc18C651e358E,err_cannot_get_abi
126,eth,0x29d7a7e0d781c957696697b94d4bc18c651e358e,Balancer,0x29d7a7E0d781C957696697B94D4Bc18C651e358E,err_cannot_get_abi
127,eth,0x4facd9f02225d2ca97c16155794bfe5dc2de74b7,Balancer,0x4facD9F02225d2ca97C16155794BFE5dc2DE74B7,err_cannot_get_abi
128,eth,0x4facd9f02225d2ca97c16155794bfe5dc2de74b7,Balancer,0x4facD9F02225d2ca97C16155794BFE5dc2DE74B7,err_cannot_get_abi
129,eth,0x702605f43471183158938c1a3e5f5a359d7b31ba,Balancer,0x702605F43471183158938C1a3e5f5A359d7b31ba,Balancer_Weighted_Math
130,eth,0x702605f43471183158938c1a3e5f5a359d7b31ba,Balancer,0x702605F43471183158938C1a3e5f5A359d7b31ba,Balancer_Weighted_Math
131,eth,0x7819f1532c49388106f7762328c51ee70edd134c,Balancer,0x7819f1532c49388106f7762328c51eE70EdD134c,Balancer_Weighted_Math
132,eth,0x7819f1532c49388106f7762328c51ee70edd134c,Balancer,0x7819f1532c49388106f7762328c51eE70EdD134c,Balancer_Weighted_Math
133,eth,0x494b26d4aee801cb1fabf498ee24f0af20238743,Balancer,0x494B26D4aEE801Cb1fabF498Ee24f0af20238743,Balancer_Weighted_Math
134,eth,0x0868f7a5045847845d0a0b2a2220102addf642d8,Balancer,0x0868f7A5045847845D0A0B2a2220102adDf642d8,Balancer_Weighted_Math
135,eth,0x400c8f03df41058252caa9ccdbb6480cbce2eb3b,Balancer,0x400C8f03df41058252caA9CCDbb6480CbCe2eB3b,err_cannot_get_abi
136,eth,0x314c1a82e147489c7a65f7051e742c9d6981438e,Balancer,0x314C1A82e147489c7A65F7051e742C9d6981438E,Balancer_Weighted_Math
137,eth,0x314c1a82e147489c7a65f7051e742c9d6981438e,Balancer,0x314C1A82e147489c7A65F7051e742C9d6981438E,Balancer_Weighted_Math
138,eth,0x364a01a54f83f9c36923b584e6200b5b6aa9f68d,Balancer,0x364A01a54F83f9C36923B584e6200b5b6aa9F68d,err_cannot_get_abi
139,eth,0x2d344a84bac123660b021eebe4eb6f12ba25fe86,Balancer,0x2D344A84BaC123660b021EEbE4eB6F12ba25fe86,Balancer_Weighted_Math
140,eth,0x42735b63116ffad66dbe3a63211d387cd98e4935,Balancer,0x42735B63116ffaD66DBe3A63211D387cD98e4935,err_cannot_get_abi
141,eth,0x42735b63116ffad66dbe3a63211d387cd98e4935,Balancer,0x42735B63116ffaD66DBe3A63211D387cD98e4935,err_cannot_get_abi
142,eth,0xe24281bc68c2a56e19b67b3787fd5e95937bd970,Balancer,0xE24281bc68C2a56e19B67b3787Fd5e95937bd970,Balancer_Weighted_Math
143,eth,0x5aa90c7362ea46b3cbfbd7f01ea5ca69c98fef1c,Balancer,0x5Aa90c7362ea46b3cbFBD7F01EA5Ca69C98Fef1c,Balancer_Weighted_Math
144,eth,0x77952e11e1ba727ffcea95a0f38ed7da586eebc7,Balancer,0x77952E11E1ba727FfceA95a0f38Ed7DA586EeBc7,Balancer_Weighted_Math
145,eth,0x77952e11e1ba727ffcea95a0f38ed7da586eebc7,Balancer,0x77952E11E1ba727FfceA95a0f38Ed7DA586EeBc7,Balancer_Weighted_Math
146,eth,0x77952e11e1ba727ffcea95a0f38ed7da586eebc7,Balancer,0x77952E11E1ba727FfceA95a0f38Ed7DA586EeBc7,Balancer_Weighted_Math
147,eth,0xd265ea38e868c532d8dc3893398656f36f9c8c54,Balancer,0xd265Ea38e868c532D8Dc3893398656F36F9c8c54,Balancer_Weighted_Math
148,eth,0xd265ea38e868c532d8dc3893398656f36f9c8c54,Balancer,0xd265Ea38e868c532D8Dc3893398656F36F9c8c54,Balancer_Weighted_Math
149,eth,0x8fcb5bb072c221793fe975d377aa3634d7a47921,Balancer,0x8fcB5BB072c221793FE975d377AA3634d7A47921,Balancer_Weighted_Math
150,eth,0x0901edca10664c4c27374d18cfab2df2acf828fb,Balancer,0x0901EDCA10664C4c27374D18cFab2Df2aCf828fb,Balancer_Weighted_Math
151,eth,0x99d79238457cfa3a9e86856b05d9814c00926d04,Balancer,0x99D79238457Cfa3a9e86856B05D9814C00926D04,Balancer_Weighted_Math
152,eth,0x99d79238457cfa3a9e86856b05d9814c00926d04,Balancer,0x99D79238457Cfa3a9e86856B05D9814C00926D04,Balancer_Weighted_Math
153,eth,0x517390b2b806cb62f20ad340de6d98b2a8f17f2b,Balancer,0x517390b2B806cb62f20ad340DE6d98B2A8F17F2B,err_cannot_get_abi
154,eth,0xf33a6b68d2f6ae0353746c150757e4c494e02366,Balancer,0xf33A6B68D2f6ae0353746C150757E4c494e02366,Balancer_Weighted_Math
155,eth,0x90291319f1d4ea3ad4db0dd8fe9e12baf749e845,Balancer,0x90291319F1D4eA3ad4dB0Dd8fe9E12BAF749E845,Balancer_Weighted_Math
156,eth,0xbb31b8eebb9c71001562ae56aa5751af313e6d89,Balancer,0xBb31b8EEBB9C71001562AE56Aa5751Af313e6d89,Balancer_Weighted_Math
157,eth,0xbb31b8eebb9c71001562ae56aa5751af313e6d89,Balancer,0xBb31b8EEBB9C71001562AE56Aa5751Af313e6d89,Balancer_Weighted_Math
158,eth,0x148ce9b50be946a96e94a4f5479b771bab9b1c59,Balancer,0x148CE9b50bE946a96e94A4f5479b771bAB9B1c59,Balancer_Weighted_Math
159,eth,0xdb0cbcf1b8282dedc90e8c2cefe11041d6d1e9f0,Balancer,0xDb0cBcF1b8282dedc90e8c2CEFe11041d6d1e9f0,Balancer_Weighted_Math
160,eth,0xdb0cbcf1b8282dedc90e8c2cefe11041d6d1e9f0,Balancer,0xDb0cBcF1b8282dedc90e8c2CEFe11041d6d1e9f0,Balancer_Weighted_Math
161,eth,0x3f725ed5791b72554e9bedf461eb76fc72db8834,Balancer,0x3f725ED5791b72554E9BEDf461eb76fC72dB8834,Balancer_Weighted_Math
162,eth,0xc6a5032dc4bf638e15b4a66bc718ba7ba474ff73,Balancer,0xC6A5032dC4bF638e15b4a66BC718ba7bA474FF73,Balancer_Weighted_Math
163,eth,0x270c10cb22cf7dfcbb6435b9a0886bd05e5818e9,Balancer,0x270c10cB22cf7dfCBb6435B9a0886bd05E5818E9,Balancer_Weighted_Math
164,eth,0x8dd7b0c76ae83bcce1b5510cceb7dcec8b40087c,Balancer,0x8DD7b0C76Ae83bCcE1B5510cCEb7DceC8b40087c,Balancer_Weighted_Math
165,eth,0x16faf9f73748013155b7bc116a3008b57332d1e6,Balancer,0x16faF9f73748013155B7bC116a3008b57332D1e6,Balancer_Weighted_Math
166,eth,0x14462305d211c12a736986f4e8216e28c5ea7ab4,Balancer,0x14462305D211C12A736986F4E8216E28c5EA7Ab4,Balancer_Weighted_Math
167,eth,0xd18f5cb9f4e6b9a25814590d10372c74efd12d7f,Balancer,0xd18f5CB9F4e6b9A25814590d10372C74eFd12d7f,Balancer_Weighted_Math
168,eth,0xd18f5cb9f4e6b9a25814590d10372c74efd12d7f,Balancer,0xd18f5CB9F4e6b9A25814590d10372C74eFd12d7f,Balancer_Weighted_Math
169,eth,0x4626d81b3a1711beb79f4cecff2413886d461677,Balancer,0x4626d81b3a1711bEb79f4CEcFf2413886d461677,Balancer_Weighted_Math
170,eth,0x6803c821dac9b61026b3f4af0fcf46229361d551,Balancer,0x6803C821Dac9b61026b3F4aF0FcF46229361D551,Balancer_Weighted_Math
171,eth,0x9e7fd25ad9d97f1e6716fa5bb04749a4621e892d,Balancer,0x9E7fD25Ad9D97F1e6716fa5bB04749A4621e892d,Balancer_Weighted_Math
172,eth,0x80be0c303d8ad2a280878b50a39b1ee8e54dbd22,Balancer,0x80bE0c303D8Ad2A280878b50a39B1ee8E54DBD22,Balancer_Weighted_Math
173,eth,0x01abc00e86c7e258823b9a055fd62ca6cf61a163,Balancer,0x01abc00E86C7e258823b9a055Fd62cA6CF61a163,Balancer_Weighted_Math
174,eth,0x35c264f24f3a2fb0b9025905d3bbf10874b055aa,Balancer,0x35c264f24F3A2fB0B9025905D3bBf10874B055AA,Balancer_Weighted_Math
175,eth,0xa3283e3470d3cd1f18c074e3f2d3965f6d62fff2,Balancer,0xA3283E3470D3CD1F18C074E3f2d3965F6D62fFF2,Balancer_Weighted_Math
176,eth,0xb204bf10bc3a5435017d3db247f56da601dfe08a,Balancer,0xb204BF10bc3a5435017D3db247f56dA601dFe08A,err_cannot_get_abi
177,eth,0xb204bf10bc3a5435017d3db247f56da601dfe08a,Balancer,0xb204BF10bc3a5435017D3db247f56dA601dFe08A,err_cannot_get_abi
178,eth,0xb204bf10bc3a5435017d3db247f56da601dfe08a,Balancer,0xb204BF10bc3a5435017D3db247f56dA601dFe08A,err_cannot_get_abi
179,eth,0x4227b3d63003eb53bbae6f9139ec0fcbbb5c0b23,Balancer,0x4227b3D63003EB53bBAE6f9139EC0fcbBb5C0b23,Balancer_Weighted_Math
180,eth,0x96ba9025311e2f47b840a1f68ed57a3df1ea8747,Balancer,0x96bA9025311e2f47B840A1f68ED57A3DF1EA8747,Balancer_Weighted_Math
181,eth,0xa33e376932b2c01323f0a7f9bbe0a53f7662b2e9,Balancer,0xa33E376932b2c01323F0A7f9bBe0a53F7662B2E9,Balancer_Weighted_Math
182,eth,0xa33e376932b2c01323f0a7f9bbe0a53f7662b2e9,Balancer,0xa33E376932b2c01323F0A7f9bBe0a53F7662B2E9,Balancer_Weighted_Math
183,eth,0xe805c864992e6a6cbf46e7e81c7154b78155d0ac,Balancer,0xe805c864992e6a6cBf46E7E81C7154B78155D0ac,Balancer_Weighted_Math
184,eth,0xa0cf2478a7a9fadd53ce24665399aa80c7eb5075,Balancer,0xa0cF2478a7a9FaDd53ce24665399Aa80C7eb5075,Balancer_Weighted_Math
185,eth,0xa0cf2478a7a9fadd53ce24665399aa80c7eb5075,Balancer,0xa0cF2478a7a9FaDd53ce24665399Aa80C7eb5075,Balancer_Weighted_Math
186,eth,0xa0cf2478a7a9fadd53ce24665399aa80c7eb5075,Balancer,0xa0cF2478a7a9FaDd53ce24665399Aa80C7eb5075,Balancer_Weighted_Math
187,eth,0x5210287a2a440c06d7f3fcc4cc7b119ba8de4339,Balancer,0x5210287a2a440c06d7F3fcC4CC7B119BA8DE4339,Balancer_Weighted_Math
188,eth,0x6a5ead5433a50472642cd268e584dafa5a394490,Balancer,0x6a5EaD5433a50472642Cd268E584dafa5a394490,Balancer_Weighted_Math
189,eth,0x0b09dea16768f0799065c475be02919503cb2a35,Balancer,0x0b09deA16768f0799065C475bE02919503cB2a35,Balancer_Weighted_Math
190,eth,0x9232a548dd9e81bac65500b5e0d918f8ba93675c,Balancer,0x9232a548DD9E81BaC65500b5e0d918F8Ba93675C,Balancer_Weighted_Math
191,eth,0x8167a1117691f39e05e9131cfa88f0e3a620e967,Balancer,0x8167A1117691f39e05e9131cfA88F0e3A620E967,Balancer_Weighted_Math
192,eth,0xcfca23ca9ca720b6e98e3eb9b6aa0ffc4a5c08b9,Balancer,0xCfCA23cA9CA720B6E98E3Eb9B6aa0fFC4a5C08B9,Balancer_Weighted_Math
193,eth,0xdbc4f138528b6b893cbcc3fd9c15d8b34d0554ae,Balancer,0xDbC4F138528B6B893cBCc3fd9c15D8B34D0554aE,Balancer_Weighted_Math
194,eth,0x769432a08426d25f8f99a1af16db23ce41cad784,Balancer,0x769432a08426d25F8F99a1AF16Db23CE41CaD784,Balancer_Weighted_Math
195,eth,0x798b112420ad6391a4129ac25ef59663a44c88bb,Balancer,0x798b112420AD6391A4129Ac25eF59663a44C88bB,Balancer_Weighted_Math
196,eth,0x2dfe669556460e9519550e6a87f143177e912cf9,Balancer,0x2DFE669556460e9519550E6A87F143177e912cf9,err_cannot_get_abi
197,eth,0x5b1c06c4923dbba4b27cfa270ffb2e60aa286159,Balancer,0x5b1C06c4923DBBa4B27Cfa270FFB2E60Aa286159,err_cannot_get_abi
198,eth,0xe3168409fb0ba8ed1200a3dd61e0da3afe32fda5,Balancer,0xe3168409Fb0BA8ED1200A3DD61e0dA3aFe32fDa5,Balancer_Weighted_Math
